{"model_name": "regression_tree", "train_time": 111.11935067176819, "inference_time": 0.37118959426879883, "inference_samples": 200000, "hiperparametros": {"max_depth": null, "min_samples_leaf": 1, "min_samples_split": 2}, "mse": 2.481788785187448, "score": 0.998880296708485}